Feature,Importance
previous_year_rating,0.5026901916569264
avg_training_score,0.1522606234983978
total_training_score,0.06994905267321777
rating_award_interaction,0.06326850002171806
department,0.04853719794384368
gender,0.03978492789774826
experience_ratio,0.029783224302013737
age,0.024784211590193415
length_of_service,0.022923372699406665
education,0.02239348642645565
awards_won?,0.013602724054703537
no_of_trainings,0.010022487235374935
