Alternative,Score,Rank
Emp_15869,0.7247848537005164,1
Emp_36434,0.5766565508551266,2
Emp_78043,0.5418159979188542,3
Emp_42224,0.5041871452413846,4
Emp_64372,0.49278966898326604,5
Emp_2030,0.4883734429964963,6
Emp_58638,0.4743554928444932,7
Emp_77524,0.3791304158736907,8
Emp_35037,0.32086545807121625,9
Emp_43287,0.3165922960492753,10
